{"schemaVersion":"1.0","appDefinitionTemplate":{"id":"/providers/Microsoft.PowerApps/apps/","type":"Microsoft.PowerApps/apps","tags":{"primaryDeviceWidth":"1366","primaryDeviceHeight":"768","supportsPortrait":"true","supportsLandscape":"true","primaryFormFactor":"Tablet","showStatusBar":"false","publisherVersion":"3.23082.20","minimumRequiredApiVersion":"2.2.0","hasComponent":"false","hasUnlockedComponent":"false","isUnifiedRootApp":"false","sienaVersion":"20230826T143547Z-3.23082.20.0"},"properties":{"appVersion":"2023-08-26T14:35:47Z","lifeCycleId":"Published","createdByClientVersion":{"major":3,"minor":23082,"build":20,"revision":0,"majorRevision":0,"minorRevision":0},"minClientVersion":{"major":3,"minor":23082,"build":20,"revision":0,"majorRevision":0,"minorRevision":0},"backgroundColor":"RGBA(0,176,240,1)","backgroundImageUri":"/12251724026271132109/N03c10b67-1a1a-433d-b958-418b2474709a-logoSmallFile","displayName":"PAK 2  JSON","description":"","commitMessage":"","appUris":{"documentUri":{"value":"/12251724026271132109/N6e0c434b-c840-4d15-9093-dee013e50b51-document.msapp"},"imageUris":[],"additionalUris":[]},"createdTime":"0001-01-01T00:00:00Z","lastModifiedTime":"0001-01-01T00:00:00Z","sharedGroupsCount":0,"sharedUsersCount":0,"connectionReferences":{"b0f79058-5258-4a24-97ef-15514f635d21":{"id":"0205e9be-a197-4aed-b72d-5d6e3a863e75","displayName":"SharePoint","iconUri":"https://connectoricons-prod.azureedge.net/master/1.0.1653.3400/sharepointonline/icon.png","dataSources":["Test List","Projects"],"dependencies":[],"dependents":[],"parameterHints":{},"parameterHintsV2":{},"isOnPremiseConnection":false,"bypassConsent":false,"dataSets":{"https://bistekspace.sharepoint.com/sites/PAK2":{"dataSources":{"Test List":{"tableName":"6495455d-9e5f-4698-964c-7e6984eb6bc0"},"Projects":{"tableName":"fb0836eb-335d-481f-bc5f-6f901485aeea"}}}},"apiTier":"Standard","isCustomApiConnection":false,"actions":["providers/PowerPlatform.Governance/Operations/Read","providers/PowerPlatform.Governance/Operations/Write","providers/PowerPlatform.Governance/Operations/Delete"]}},"databaseReferences":{},"almMode":"Environment","performanceOptimizationEnabled":true,"canConsumeAppPass":true,"enableModernRuntimeMode":false,"executionRestrictions":{"isTeamsOnly":false,"dataLossPreventionEvaluationResult":{"status":"Compliant","lastEvaluationDate":"2023-08-26T10:49:09.9258611Z","violations":[],"violationsByPolicy":[],"violationErrorMessage":"The app uses the following connectors: ."}}},"appType":"ClassicCanvasApp","appComponents":[]}}